id ;name;email;dir_uno;dir_dos
1;name_1;demo@gmail.com;Direccion uno_1;Direccion dos_1
2;name_2;demo@gmail.com;Direccion uno_2;Direccion dos_2
3;name_3;demo@gmail.com;Direccion uno_3;Direccion dos_3
4;name_4;demo@gmail.com;Direccion uno_4;Direccion dos_4
5;name_5;demo@gmail.com;Direccion uno_5;Direccion dos_5
6;name_6;demo@gmail.com;Direccion uno_6;Direccion dos_6
7;name_7;demo@gmail.com;Direccion uno_7;Direccion dos_7
8;name_8;demo@gmail.com;Direccion uno_8;Direccion dos_8
9;name_9;demo@gmail.com;Direccion uno_9;Direccion dos_9
10;name_10;demo@gmail.com;Direccion uno_10;Direccion dos_10
11;name_11;demo@gmail.com;Direccion uno_11;Direccion dos_11
12;name_12;demo@gmail.com;Direccion uno_12;Direccion dos_12
13;name_13;demo@gmail.com;Direccion uno_13;Direccion dos_13
14;name_14;demo@gmail.com;Direccion uno_14;Direccion dos_14
15;name_15;demo@gmail.com;Direccion uno_15;Direccion dos_15
16;name_16;demo@gmail.com;Direccion uno_16;Direccion dos_16
17;name_17;demo@gmail.com;Direccion uno_17;Direccion dos_17
18;name_18;demo@gmail.com;Direccion uno_18;Direccion dos_18
19;name_19;demo@gmail.com;Direccion uno_19;Direccion dos_19
20;name_20;demo@gmail.com;Direccion uno_20;Direccion dos_20
21;name_21;demo@gmail.com;Direccion uno_21;Direccion dos_21
22;name_22;demo@gmail.com;Direccion uno_22;Direccion dos_22
23;name_23;demo@gmail.com;Direccion uno_23;Direccion dos_23
24;name_24;demo@gmail.com;Direccion uno_24;Direccion dos_24
25;name_25;demo@gmail.com;Direccion uno_25;Direccion dos_25
