id,name,email,dir_uno,dir_dos
1,Davin,dcleveley0@wsj.com,Surrey,3 Westend Junction
2,Chaddie,cblumire1@dmoz.org,Nobel,7 Ruskin Circle
3,Bradney,bklaaasen2@etsy.com,Alpine,81996 Burrows Point
4,Meyer,mnorthey3@umn.edu,Rowland,42734 Heath Crossing
5,Jasun,jleipold4@usatoday.com,Macpherson,6 Gale Place
6,Tedd,tbaldini5@jiathis.com,Waubesa,32 Warner Center
7,Jessi,jvezey6@princeton.edu,Grayhawk,83292 Chinook Circle
8,Valdemar,vbraiden7@uiuc.edu,Debs,6 Carpenter Street
9,Arnuad,acoudray8@princeton.edu,Spenser,1339 Pennsylvania Trail
10,Cody,cshelper9@booking.com,Talisman,4 Bluejay Drive
11,Ralina,ryeilesa@washingtonpost.com,Hollow Ridge,8326 South Pass
12,Ramsey,rmckeeb@comsenz.com,Sauthoff,216 Manitowish Crossing
13,Britteny,bkielyc@opera.com,Harper,6 Dovetail Crossing
14,Maurine,mvipand@livejournal.com,Merrick,29 Lawn Court
15,Patrizius,psympere@nydailynews.com,Quincy,13 Lukken Avenue
16,Chaim,cperciferf@furl.net,Springview,62569 Michigan Pass
17,Andeee,aheaneyg@foxnews.com,Harbort,6029 Hazelcrest Avenue
18,Reinold,rhissetth@etsy.com,Arapahoe,74 Bunker Hill Drive
19,Elonore,etruini@cnbc.com,Tennessee,40276 Eliot Court
20,Brandea,bgrovej@imageshack.us,Crownhardt,0438 Leroy Court
21,Karlotta,kredhousek@histats.com,Bultman,7 Butterfield Street
22,Lucila,lfilintsevl@pcworld.com,Clove,59194 Del Mar Way
23,Fred,fgerramm@rambler.ru,Bluejay,53788 Springview Street
24,Vincent,vfaughnann@themeforest.net,Truax,42195 Melby Hill
25,Belia,bsergeanto@goo.gl,Bayside,10679 Roth Trail
26,Ronnica,rkrzyzanowskip@si.edu,Sloan,64232 Lukken Parkway
27,Darla,dstorresq@dailymail.co.uk,Buhler,05473 Fisk Court
28,Brandie,bpulverr@statcounter.com,Manufacturers,82 Macpherson Pass
29,Alida,alukasiks@php.net,Bobwhite,14123 Clyde Gallagher Court
30,Glenn,gchristophet@foxnews.com,Londonderry,0 Jenna Hill
31,Daphna,diredellu@goodreads.com,Lakeland,85 Del Sol Avenue
32,Yves,yelcomev@51.la,Pearson,8114 Cambridge Street
33,Luigi,lgowngew@omniture.com,Ohio,63647 Riverside Plaza
34,Kiele,kkersleyx@tinypic.com,Paget,053 Trailsway Junction
35,Renato,rmeakesy@latimes.com,Nobel,8 Mayfield Way
36,Dar,dmassez@blog.com,Duke,3210 Magdeline Way
37,Skipp,spotbury10@gravatar.com,Corben,8462 Anniversary Street
38,Thedric,tgeere11@scientificamerican.com,Melby,90701 Thompson Park
39,Nanette,nreyne12@buzzfeed.com,Ridgeview,8036 Welch Place
40,Tanitansy,tfrudd13@china.com.cn,Merchant,0 Starling Trail
41,Shawnee,smorican14@apache.org,Dapin,75 Rusk Parkway
42,Enid,esercombe15@youku.com,Rockefeller,4528 Judy Lane
43,Gustavus,glipscomb16@simplemachines.org,Jay,645 Comanche Pass
44,Mal,mdashper17@alexa.com,Nova,3 Manitowish Point
45,Mirabel,mbiagini18@uol.com.br,Nevada,8 Express Alley
46,Dominique,dchicchetto19@bluehost.com,Lake View,004 Springs Avenue
47,Lynnelle,lverdun1a@webs.com,Di Loreto,56738 Ohio Street
48,Pru,psloey1b@usda.gov,Grover,6188 Petterle Crossing
49,Moina,mmcgonigle1c@tmall.com,Iowa,3 Park Meadow Park
50,Bale,bgrewer1d@liveinternet.ru,Talmadge,68 Heffernan Street
51,Kellen,kroust1e@wired.com,Sutherland,9203 Sunnyside Place
52,Tobey,tshambrooke1f@cisco.com,Russell,342 Moulton Crossing
53,Rochella,rstollmeyer1g@com.com,Southridge,82 Schurz Court
54,Mason,msapwell1h@addthis.com,Gina,89 Norway Maple Point
55,Laurie,lwerrett1i@symantec.com,Golf View,3 Twin Pines Circle
56,Nataline,nsplain1j@4shared.com,Walton,9 6th Parkway
57,Caspar,chullot1k@ehow.com,Bonner,53 Merry Crossing
58,Josi,jturgoose1l@cam.ac.uk,Sundown,95351 Butterfield Trail
59,Celeste,cpiner1m@utexas.edu,Sherman,94126 Debra Plaza
60,Sheffie,sbrack1n@wisc.edu,Everett,58402 Bowman Alley
61,Marsiella,mbrayn1o@berkeley.edu,Gulseth,8144 Annamark Crossing
62,Nicolette,nleachman1p@businesswire.com,Heath,56973 Jenifer Lane
63,Lamar,lmckinley1q@thetimes.co.uk,Luster,3 Hanover Junction
64,Dora,dseeman1r@ed.gov,Loeprich,4 Northwestern Crossing
65,Garrett,ggartery1s@kickstarter.com,Eggendart,26 Pine View Pass
66,Orel,oelvish1t@google.ru,Hauk,29 Mitchell Crossing
67,Manfred,mdavioud1u@icq.com,4th,30 Crescent Oaks Plaza
68,Donnie,dfirmage1v@slate.com,Blaine,135 Washington Trail
69,Milly,malvar1w@goo.ne.jp,Towne,249 Mayer Trail
70,Roslyn,rtrowler1x@fc2.com,Fordem,9 Jana Junction
71,Helge,hoday1y@printfriendly.com,Fulton,834 Pawling Drive
72,Emlynn,ebirckmann1z@feedburner.com,David,93 Washington Park
73,Shana,skeal20@hp.com,Gateway,3 Iowa Way
74,Ambros,alynett21@ocn.ne.jp,Kinsman,090 International Point
75,Merle,mharce22@epa.gov,Schmedeman,5057 Burrows Center
76,Marleah,mpolo23@ted.com,Golden Leaf,1 Pleasure Court
77,Enrika,edakhov24@networkadvertising.org,Toban,8724 La Follette Plaza
78,Harlene,hpavyer25@nytimes.com,Oakridge,3586 Schmedeman Road
79,Giacopo,gavramov26@yellowpages.com,Shasta,6815 Fuller Parkway
80,Lynnelle,llamberts27@slideshare.net,Starling,726 Center Hill
81,Christian,cgierhard28@angelfire.com,Independence,63709 Bunting Point
82,Barbe,bwoolforde29@ning.com,Lighthouse Bay,81410 Talisman Drive
83,Fiorenze,fgarrigan2a@craigslist.org,Melvin,19 Jackson Avenue
84,Mack,mduckerin2b@comsenz.com,Brickson Park,9 Grover Parkway
85,Fairlie,fcaukill2c@mlb.com,Farwell,4 Sauthoff Drive
86,Carmelina,chobden2d@ameblo.jp,6th,574 Vidon Drive
87,Opaline,oroofe2e@google.com.br,Macpherson,3 Park Meadow Circle
88,Jerrine,jgaukroger2f@twitpic.com,Darwin,80 Hoard Terrace
89,Hedvige,hslocom2g@state.gov,Hanover,560 Farmco Street
90,Phillie,plearmonth2h@blinklist.com,Dorton,448 Lakewood Gardens Lane
91,Jabez,junthank2i@histats.com,Caliangt,0 Pine View Hill
92,Edvard,eondra2j@indiegogo.com,Kinsman,0 Jenna Center
93,Adriena,acritchley2k@nasa.gov,Main,77399 Anzinger Lane
94,Berkie,bleball2l@shareasale.com,Ludington,6967 International Pass
95,Thomasine,tmartini2m@rediff.com,Sloan,7 Sloan Court
96,Madison,mmulvin2n@miibeian.gov.cn,Northfield,416 Kennedy Plaza
97,Duff,dborit2o@boston.com,Heffernan,19 Toban Terrace
98,Jody,jmcdonnell2p@miitbeian.gov.cn,Columbus,553 Ruskin Terrace
99,Betteanne,bhickisson2q@amazon.com,Gale,75434 Victoria Junction
100,Rowe,rmckelvey2r@theatlantic.com,Novick,859 Mallory Court
101,Felita,fopdenort2s@tiny.cc,Northport,39 Schurz Court
102,Katine,kbugler2t@about.me,Monument,5 Corscot Hill
103,Onfroi,oweymont2u@hubpages.com,Ilene,388 Delladonna Alley
104,Tammi,ttomkins2v@reverbnation.com,Chinook,207 Utah Center
105,Neall,nhabbal2w@newyorker.com,Merchant,32587 Pleasure Street
106,Rex,rmidlar2x@multiply.com,Mifflin,17780 Pawling Alley
107,Zak,zjenks2y@squarespace.com,Melvin,03 Buena Vista Trail
108,Raddy,rlodwick2z@biblegateway.com,Brown,9 Rusk Road
109,Dionysus,delizabeth30@ovh.net,Old Gate,797 Butterfield Court
110,Jessy,jbahia31@apache.org,Sherman,6499 North Trail
111,Lyndel,lhaddeston32@sun.com,Fulton,45 Mockingbird Center
112,Xenos,xfishlee33@delicious.com,Fairview,6761 Lien Lane
113,Leonid,lrutgers34@youtu.be,Gerald,1 Tony Drive
114,Reese,rjaneway35@google.pl,Service,8 Marcy Crossing
115,Pepita,plauritsen36@angelfire.com,Novick,910 Logan Way
116,Murray,mdimatteo37@bloomberg.com,Westridge,7291 Fallview Hill
117,Francois,fredmond38@msu.edu,Surrey,99340 Colorado Pass
118,Thaine,trigden39@salon.com,Di Loreto,3874 Roxbury Alley
119,Minor,marnaudet3a@earthlink.net,Glacier Hill,332 Brickson Park Parkway
120,Janifer,jmacdunlevy3b@networkadvertising.org,Superior,96 Bunker Hill Point
121,Billye,bgallehock3c@angelfire.com,Summer Ridge,868 Tony Street
122,Lezley,lpenton3d@un.org,Elmside,19599 Larry Parkway
123,Catlin,cinge3e@paginegialle.it,Mcbride,4669 Northland Court
124,Dulcy,dmckinn3f@europa.eu,Esker,76 Memorial Place
125,Bertie,bmarusic3g@privacy.gov.au,Di Loreto,59 Union Drive
126,Sayre,stett3h@loc.gov,Pierstorff,1074 Mosinee Terrace
127,Hilary,hashment3i@arizona.edu,Spaight,001 Clyde Gallagher Junction
128,York,ywyss3j@yahoo.com,Fair Oaks,18 Barnett Trail
129,Tybi,tstening3k@usa.gov,Mayer,30821 Delaware Way
130,Joannes,jsmithe3l@nytimes.com,Carpenter,67595 Aberg Alley
131,Colly,cpeto3m@naver.com,Lillian,975 Hazelcrest Junction
132,Huntington,hbuske3n@newsvine.com,Lawn,6286 Tennyson Circle
133,Larisa,lmangeot3o@parallels.com,Lawn,6013 Jackson Pass
134,Manfred,mbraddick3p@digg.com,Almo,737 Kinsman Crossing
135,Gianna,gzavittieri3q@apple.com,Elka,2295 Kings Crossing
136,Sigismund,sscates3r@tiny.cc,Forest Dale,8 Clove Center
137,Adorne,abottoner3s@uiuc.edu,Old Shore,0 Clarendon Place
138,Grantley,gathowe3t@woothemes.com,Rusk,804 Larry Court
139,Erika,ejennery3u@stumbleupon.com,Golf Course,32309 Vera Center
140,Wallas,wabrahamsohn3v@sitemeter.com,Anniversary,6117 4th Trail
141,Benedetto,bmorphey3w@census.gov,Cottonwood,3 School Plaza
142,Burton,bcarmody3x@fema.gov,Sunbrook,1 Monica Junction
143,Clemmy,ccasement3y@sfgate.com,Golden Leaf,3583 Bellgrove Avenue
144,Bradford,bchurchlow3z@economist.com,Ohio,845 Onsgard Way
145,Filmer,frice40@marketwatch.com,Dakota,1 Eggendart Lane
146,Conroy,cbooeln41@canalblog.com,Glendale,529 Carberry Lane
147,Victoir,vquenby42@shutterfly.com,Lakewood Gardens,67704 Mcguire Way
148,Bernadene,bdrysdall43@github.io,Tony,159 Bashford Park
149,Huntley,hbellefonte44@cpanel.net,Aberg,0 Garrison Drive
150,Laurie,ledgeson45@163.com,Alpine,92450 Fuller Point
151,Russ,rkneafsey46@nhs.uk,Bashford,18207 Sommers Point
152,Freeland,fstuehmeier47@theguardian.com,Spenser,330 Ryan Crossing
153,Viviana,vstitle48@purevolume.com,Southridge,74692 Waxwing Court
154,Remus,rbarens49@baidu.com,Elka,564 Hayes Pass
155,Eleen,ebarrington4a@t.co,Roth,4 Myrtle Park
156,Vivianne,vambrozik4b@example.com,Randy,765 Ramsey Terrace
157,Petunia,pommundsen4c@simplemachines.org,Redwing,993 Veith Road
158,Bevvy,bdoylend4d@slashdot.org,Lerdahl,2516 Merrick Center
159,Eba,emaltman4e@dyndns.org,Oak,9 Armistice Way
160,Carly,cleheude4f@ovh.net,Maple,8518 Caliangt Court
161,Portia,pcanadas4g@gizmodo.com,Butternut,2680 International Plaza
162,Kathlin,kkovacs4h@who.int,Graceland,1925 Hermina Park
163,Karisa,kchasles4i@nyu.edu,Hermina,84 Jackson Road
164,Jasmina,jfoldes4j@telegraph.co.uk,Roth,7 Hoard Junction
165,Mariette,mwulfinger4k@paypal.com,Autumn Leaf,00 Petterle Parkway
166,Kort,kpatis4l@google.pl,Waubesa,515 Lakeland Junction
167,Abram,acosans4m@cam.ac.uk,Ruskin,540 Manitowish Park
168,Alphonso,asiemandl4n@narod.ru,Melrose,5900 Kedzie Court
169,Weylin,wgallety4o@cbsnews.com,Schurz,0242 Florence Junction
170,Dante,dbysouth4p@newyorker.com,Hauk,00675 Division Pass
171,Carlie,cospillane4q@sourceforge.net,Mccormick,7977 La Follette Pass
172,Allegra,ashalloe4r@irs.gov,Del Sol,217 Loftsgordon Trail
173,Pammie,pvlasov4s@time.com,Fallview,8 Scott Trail
174,Drona,dreaditt4t@exblog.jp,Porter,3209 Brentwood Road
175,Shanan,sthoresby4u@home.pl,Killdeer,619 International Crossing
176,Karry,kmariette4v@mapquest.com,Johnson,28518 Michigan Place
177,Rooney,rivanchov4w@a8.net,Hanover,0 Donald Center
178,Orrin,okmicicki4x@hubpages.com,Dovetail,14 La Follette Hill
179,Addy,alaverock4y@clickbank.net,Scott,1 Everett Street
180,Sisely,smarchbank4z@ehow.com,Del Sol,8 Fisk Lane
181,Ethel,eessery50@diigo.com,Sunnyside,1 Mandrake Street
182,Berton,bcastellini51@e-recht24.de,Fuller,23493 Rusk Hill
183,Brandie,bchallace52@google.fr,Maple Wood,786 Rieder Trail
184,Dacy,dbarizeret53@bizjournals.com,Anderson,4980 Drewry Trail
185,Annecorinne,aconaboy54@php.net,Knutson,5341 Mayer Drive
186,Orson,obowers55@wufoo.com,Mallard,1 Cody Avenue
187,Lazaro,lnoddings56@europa.eu,Northview,0 Drewry Alley
188,Odilia,odorbon57@telegraph.co.uk,Redwing,87830 5th Street
189,Paulina,pfenty58@craigslist.org,Laurel,23 Hovde Parkway
190,Portia,pnormadell59@spotify.com,Fairview,500 Glacier Hill Street
191,Armin,apridgeon5a@theguardian.com,American Ash,90 Melby Point
192,Gwendolyn,gvest5b@blogger.com,Sloan,34 Clemons Road
193,Corty,ckroger5c@github.com,Badeau,25595 Bonner Avenue
194,Edie,edewfall5d@twitpic.com,Eastwood,103 Annamark Pass
195,Clarey,csimonato5e@nhs.uk,Truax,19 Sunfield Pass
196,Meyer,mberndt5f@addtoany.com,Magdeline,58462 Division Crossing
197,Laure,lcurdell5g@paypal.com,Cherokee,4 Blackbird Way
198,Ted,ttebald5h@wufoo.com,Sutteridge,29 Reinke Court
199,Krissie,kgittins5i@msu.edu,La Follette,03710 Elka Circle
200,Patten,pdobbs5j@stanford.edu,Loomis,98551 Main Center
201,Cher,cfranceschelli5k@howstuffworks.com,Bunting,6893 Utah Plaza
202,Zackariah,zcromley5l@is.gd,Spenser,8936 Anzinger Trail
203,Olivier,ostucke5m@ucoz.ru,Old Shore,54 Morrow Plaza
204,Mata,mulrik5n@utexas.edu,Moose,13 Northview Center
205,Darnell,dsatch5o@slideshare.net,Heath,20 Coolidge Plaza
206,Lottie,lmallebone5p@psu.edu,Steensland,2039 Katie Alley
207,Wilma,wkinkaid5q@netlog.com,Waxwing,56681 Moland Crossing
208,Leoine,ltrevor5r@weebly.com,Bunker Hill,3808 Sachtjen Avenue
209,Daffie,djaynes5s@skype.com,Gerald,38 Hooker Junction
210,Hiram,hharbour5t@booking.com,Hudson,3158 Walton Terrace
211,Carmine,cbarsby5u@yellowpages.com,Autumn Leaf,3211 Dwight Hill
212,Tonya,tsatterley5v@google.it,Randy,29 Main Trail
213,Daloris,dauden5w@nationalgeographic.com,Bunting,3474 Pierstorff Pass
214,Audre,awasiel5x@tiny.cc,Dorton,844 Division Center
215,Martainn,mlassells5y@fastcompany.com,Darwin,39163 Straubel Plaza
216,Ken,kdomleo5z@wikia.com,Oneill,16 Blue Bill Park Plaza
217,Olvan,owalstow60@friendfeed.com,Ryan,42864 Westend Road
218,Robby,rbum61@geocities.jp,Toban,2616 Roxbury Way
219,Gill,glorden62@auda.org.au,Bartelt,4842 Jenna Trail
220,Sigvard,sblenkiron63@wordpress.com,Hansons,65197 Jana Lane
221,Corabel,cjados64@comsenz.com,Service,1 Donald Street
222,Jeannie,jzanetto65@hud.gov,Buell,51269 Anniversary Junction
223,Arleta,apeters66@prnewswire.com,Buhler,6 Nobel Alley
224,Sol,skingsmill67@linkedin.com,Almo,29 Declaration Drive
225,Jordanna,jedsall68@feedburner.com,Schmedeman,68 Burrows Lane
226,Celestyna,camy69@behance.net,New Castle,05 Lyons Plaza
227,Siobhan,sgoodbanne6a@apache.org,Glacier Hill,284 Acker Point
228,Carmela,cmcgowing6b@jigsy.com,Declaration,60898 Butternut Way
229,Almeda,aglasspoole6c@wordpress.org,Steensland,47 7th Center
230,Carlo,cinnis6d@ed.gov,Iowa,37 Forest Center
231,Rhodie,rfarthin6e@mail.ru,Killdeer,4051 Meadow Valley Junction
232,Maryellen,mmelonby6f@spotify.com,Farmco,9125 Talisman Lane
233,Lynea,lbarwise6g@marketwatch.com,Canary,2962 Katie Alley
234,Belva,bgoldfinch6h@umich.edu,West,4 Burrows Way
235,Jenica,jdjurdjevic6i@toplist.cz,Green Ridge,4254 Pleasure Road
236,Rosalie,rloffill6j@deliciousdays.com,Pennsylvania,24025 Nancy Point
237,Thedric,tphebey6k@amazon.com,Dunning,98 Roth Hill
238,Keven,kskirven6l@eepurl.com,Graceland,62 David Hill
239,Zacharias,zcrummay6m@spotify.com,South,8603 Hauk Hill
240,Velma,vbondesen6n@oracle.com,Corry,3412 Harbort Place
241,Brent,bcoe6o@freewebs.com,Clyde Gallagher,563 Cascade Alley
242,Douglas,dfincken6p@live.com,Twin Pines,95 Coleman Drive
243,Bernarr,bpadrick6q@thetimes.co.uk,Tomscot,312 Autumn Leaf Junction
244,Hartley,hblind6r@goo.ne.jp,Browning,6 Shasta Trail
245,Raviv,rgrundwater6s@technorati.com,North,607 Morningstar Pass
246,Dag,dwooton6t@dedecms.com,Shelley,03058 Gateway Alley
247,Jenn,jsimpole6u@stumbleupon.com,Monument,1914 Butternut Trail
248,Kettie,kfindley6v@amazon.com,Montana,768 Redwing Place
249,Darcy,dbegley6w@flickr.com,Burrows,6366 Forest Lane
250,Shantee,sbyfford6x@irs.gov,Waubesa,531 Corry Plaza
251,Jo-ann,jelement6y@cafepress.com,Bunker Hill,236 East Lane
252,Rennie,rluscombe6z@bravesites.com,Stuart,1 Loftsgordon Pass
253,Dav,dcoker70@epa.gov,Eastwood,29356 Dawn Street
254,Tera,tdeakes71@mediafire.com,Farwell,924 Bartelt Drive
255,Zane,zlinklater72@bbb.org,Pierstorff,2 Warbler Plaza
256,Gordy,gdibden73@usda.gov,Pepper Wood,17340 Shasta Court
257,Petronia,psansome74@unicef.org,Merrick,75 Marquette Street
258,Cobby,cmelville75@51.la,Arapahoe,069 Helena Circle
259,Boyd,bbrotherheed76@cafepress.com,Utah,2506 Birchwood Lane
260,Marylou,mblackboro77@addthis.com,Bobwhite,1 Russell Center
261,Gusta,geyes78@wired.com,Sherman,22195 Ludington Lane
262,Auberta,askerratt79@w3.org,Nelson,3 Farmco Way
263,Maxine,mtilte7a@virginia.edu,Schlimgen,55 Almo Place
264,Luca,lmeaddowcroft7b@salon.com,Jenna,631 Basil Junction
265,Frances,fgannon7c@slate.com,Duke,4 Havey Plaza
266,Carilyn,cmccaffrey7d@vkontakte.ru,Victoria,45546 Johnson Street
267,Rafa,rborthram7e@nymag.com,Cherokee,10 Sage Plaza
268,Gregg,gchellam7f@diigo.com,Fulton,59 Artisan Road
269,Carling,cborkett7g@msu.edu,Brickson Park,62282 Old Shore Park
270,Clarine,cfinding7h@independent.co.uk,West,2134 Norway Maple Center
271,Lenette,lyewdell7i@symantec.com,Northview,0218 Express Place
272,Hort,hlacoste7j@sphinn.com,Crowley,52 Dapin Alley
273,Belle,bdalton7k@ucoz.ru,Novick,9 Northfield Pass
274,Ursulina,ugoode7l@loc.gov,Holy Cross,4 Hoffman Avenue
275,Evelina,ewass7m@walmart.com,Donald,53 Haas Drive
276,Ardyth,abraunton7n@istockphoto.com,Mcguire,160 Del Sol Pass
277,Joanie,jjosowitz7o@deviantart.com,Swallow,9 Leroy Avenue
278,Brittany,bjerram7p@businessweek.com,Melrose,5 Sunfield Junction
279,Valentine,vsparshatt7q@ftc.gov,Pond,888 Kim Circle
280,Salvidor,sshearsby7r@flavors.me,American Ash,4871 Hayes Junction
281,Theo,tbartrap7s@apache.org,Northport,2 Muir Circle
282,Marion,msnipe7t@lulu.com,Sullivan,971 Petterle Plaza
283,Elladine,emurrock7u@google.com.hk,Mayfield,387 Veith Lane
284,Mel,mcruddas7v@usa.gov,Eagle Crest,48 Randy Court
285,Giavani,gthorouggood7w@privacy.gov.au,Ridge Oak,356 Cody Court
286,Hallie,hperrie7x@cbc.ca,Bunker Hill,4 Warrior Pass
287,Carmelina,cbeard7y@arizona.edu,Emmet,2 Larry Trail
288,Germaine,gsummergill7z@4shared.com,Utah,8543 Nelson Lane
289,Catarina,cbinder80@de.vu,Bluestem,8628 Mosinee Park
290,Ario,abratt81@guardian.co.uk,Swallow,239 Crowley Junction
291,Melitta,mcunah82@canalblog.com,Chinook,8 Swallow Way
292,Beilul,bcannicott83@skype.com,Havey,2 Tony Terrace
293,Letta,ldundon84@upenn.edu,Towne,35873 Toban Center
294,Pierre,pmaxstead85@youtu.be,Hazelcrest,533 Clyde Gallagher Parkway
295,Faunie,fberrycloth86@ehow.com,Rigney,4279 Express Road
296,Germaine,gshippey87@uiuc.edu,Katie,55456 Myrtle Road
297,Arlinda,amcturk88@diigo.com,Monterey,7 Rigney Crossing
298,Bee,bdawdry89@google.com.hk,Bayside,2721 Cambridge Terrace
299,Eldon,ecrowcum8a@indiegogo.com,Dixon,62 Menomonie Plaza
300,Banky,bbestall8b@usa.gov,Fairfield,4701 Green Ridge Place
301,Obie,oaspy8c@qq.com,Sullivan,61488 Steensland Pass
302,Gertrude,gcheyenne8d@marketwatch.com,Morrow,17309 Pankratz Street
303,Shell,sbenger8e@youtu.be,Grayhawk,7947 Mandrake Court
304,Isabelle,ibaumford8f@amazon.co.jp,Old Shore,9690 Loeprich Plaza
305,Merrie,mstorrier8g@youtu.be,Dexter,60297 Dorton Hill
306,Lucita,lalyukin8h@mapquest.com,Sauthoff,2728 Browning Alley
307,Ed,ebende8i@networksolutions.com,Bonner,9 Hooker Junction
308,Rudy,rreeks8j@friendfeed.com,Luster,80 Prairie Rose Court
309,Lanie,lmoseley8k@netscape.com,Huxley,19271 Kensington Alley
310,Bernette,borringe8l@businessweek.com,Bay,24 Bartelt Road
311,Cornelle,ceverex8m@skyrock.com,Weeping Birch,6873 Donald Plaza
312,Modestine,mfearnyhough8n@comcast.net,Macpherson,59180 Merrick Avenue
313,Juliann,jcurado8o@hp.com,Bluestem,9 Atwood Court
314,Moira,mlegerwood8p@ning.com,Annamark,9290 Fairview Hill
315,Gayle,gpercy8q@ed.gov,Arkansas,097 Forest Parkway
316,Rivkah,rstuchbery8r@ucoz.com,Maple Wood,365 Crowley Trail
317,Klarrisa,karmit8s@cam.ac.uk,Ridgeway,102 Jenna Way
318,Vera,vpresslie8t@ezinearticles.com,Old Gate,83925 Butternut Pass
319,Lucina,lseally8u@amazon.com,Reinke,68270 Daystar Junction
320,Lissie,lhallad8v@facebook.com,Namekagon,4 Bunting Pass
321,Moishe,mthomkins8w@businessinsider.com,Russell,319 Darwin Point
322,Marco,mbuer8x@seesaa.net,Barby,241 Gale Pass
323,Stillman,sbettanay8y@ucoz.ru,Forest,87078 Trailsway Place
324,Drud,dzorzi8z@lycos.com,Stone Corner,36 Grayhawk Circle
325,Annaliese,ahowship90@gmpg.org,Johnson,60 Susan Hill
326,Dora,dpfeifer91@about.com,Cardinal,4298 Hallows Point
327,Laurie,lblondelle92@upenn.edu,Banding,2369 Vidon Way
328,Grange,gdron93@weather.com,Lawn,55 Carey Circle
329,Faunie,fthwaites94@mlb.com,Logan,05449 Ludington Drive
330,Genevieve,ghanbidge95@macromedia.com,Dorton,0469 Sunfield Road
331,Kalila,kmann96@geocities.jp,Elka,60396 Atwood Crossing
332,Wenda,wfairbank97@addtoany.com,Claremont,08 Iowa Drive
333,Biron,bcanet98@illinois.edu,Schurz,714 Quincy Circle
334,Christean,cfairhead99@jalbum.net,Arizona,957 Swallow Way
335,Robinetta,rtogher9a@fc2.com,Badeau,6262 Bartillon Trail
336,Inesita,ihalms9b@gravatar.com,Marcy,5941 Debra Point
337,Charmion,ckamienski9c@jugem.jp,Holy Cross,70712 Golf Lane
338,Rosana,rkezourec9d@storify.com,Russell,318 Grim Trail
339,Cher,cgallaccio9e@weibo.com,Westport,724 Butternut Place
340,Rowena,rthomson9f@tumblr.com,Spenser,699 Thierer Way
341,Tan,tmettetal9g@arizona.edu,Service,0 Heath Street
342,Emmy,edomenichini9h@godaddy.com,Reindahl,7 Pearson Circle
343,Gavin,gbrick9i@ameblo.jp,Sugar,2 Myrtle Terrace
344,Farly,fruddell9j@cdc.gov,Coolidge,42207 Sherman Place
345,Rosella,rmassel9k@ehow.com,Fulton,23931 Graceland Parkway
346,Micky,mdoe9l@disqus.com,Cody,45718 Melby Crossing
347,Alanah,asango9m@bizjournals.com,Monument,93 Duke Hill
348,Charmaine,cgaenor9n@cdbaby.com,Knutson,08 Elgar Junction
349,Orella,opassie9o@altervista.org,Sage,7705 Milwaukee Hill
350,Denney,dsuermeiers9p@boston.com,Rigney,6210 Maple Hill
351,Berkeley,bgriffin9q@bloomberg.com,Lindbergh,0 Lakewood Gardens Lane
352,Denis,dswain9r@google.ca,Londonderry,262 Florence Park
353,Klara,kbrougham9s@mit.edu,Redwing,49 Division Park
354,Consuelo,cflounders9t@mediafire.com,Golden Leaf,6353 Raven Park
355,Jaine,jaikin9u@cmu.edu,Vera,0 Manley Alley
356,Terencio,tshevlin9v@epa.gov,Elka,23427 Pawling Junction
357,Hoyt,hheinrich9w@nydailynews.com,5th,7296 Kropf Terrace
358,Hayward,hcrush9x@diigo.com,Erie,182 Gateway Pass
359,Rossy,rkingzet9y@abc.net.au,Arizona,51 La Follette Court
360,Eimile,ewinchcomb9z@360.cn,Sutteridge,403 Buena Vista Place
361,Emma,eiacopoa0@imageshack.us,Haas,22295 Merrick Parkway
362,Roanna,rlyfielda1@digg.com,5th,25 Hoffman Trail
363,Margy,mcoogana2@elpais.com,Atwood,337 Division Junction
364,Wolf,wcarwithima3@bravesites.com,Lillian,22190 Bay Avenue
365,Tanya,tskaida4@hao123.com,Buell,773 Gale Crossing
366,Sally,scharlina5@hhs.gov,Bultman,48675 5th Terrace
367,Wilton,wbeddalla6@washingtonpost.com,Knutson,41371 Mitchell Crossing
368,Bella,bpointina7@virginia.edu,Truax,2 Charing Cross Avenue
369,Stevie,sprettya8@google.it,International,31 Lawn Crossing
370,Leticia,lferriera9@com.com,Maywood,9 Londonderry Court
371,Sibella,smoretaa@cmu.edu,Hanover,50 Myrtle Center
372,Trudey,tvoletab@china.com.cn,Corscot,72492 Orin Terrace
373,Toddie,tthompsonac@state.gov,Burning Wood,55 Sachs Park
374,Jayme,jcarlickad@archive.org,1st,83913 Muir Pass
375,Prue,psharvillae@cbc.ca,Jenna,97 Meadow Vale Drive
376,Fae,fdutsonaf@wsj.com,Granby,9683 Artisan Hill
377,Priscella,pactonag@cloudflare.com,Doe Crossing,7 Susan Junction
378,Lammond,lcesconiah@hatena.ne.jp,Mosinee,860 Orin Terrace
379,Dalila,dbeldenai@uiuc.edu,Eastwood,90084 Granby Alley
380,Caresa,chuleattaj@auda.org.au,Sherman,4844 Transport Parkway
381,Fons,frobbinsak@va.gov,Leroy,777 Hanson Lane
382,Lesya,lknibbsal@360.cn,Hauk,812 Sherman Pass
383,Forest,fcherringtonam@parallels.com,Merry,6716 Mandrake Junction
384,Alan,akieferan@tinypic.com,Menomonie,0381 Barby Avenue
385,Datha,dbickerdikeao@macromedia.com,Monument,6 Buena Vista Circle
386,Georgetta,gcastroap@omniture.com,Loeprich,216 American Ash Alley
387,Fergus,fjozefczakaq@webnode.com,Towne,3861 Grover Avenue
388,Connie,cgiraudouar@deliciousdays.com,Johnson,1 Kipling Center
389,Trudie,ttineras@paypal.com,Northridge,657 Helena Hill
390,Grace,gshelsherat@issuu.com,Gale,08 Thackeray Pass
391,Nancey,npoppingau@google.nl,Independence,20 American Point
392,Dyna,dferrierioav@desdev.cn,5th,26 Westend Place
393,Lesya,lgraylandaw@multiply.com,Del Mar,04 Springview Parkway
394,Lanae,llamperdax@reverbnation.com,Utah,9802 Fair Oaks Lane
395,Laurene,lbottrellay@wordpress.org,Northport,187 Petterle Point
396,Caressa,cgraveraz@opera.com,Clyde Gallagher,739 Springs Alley
397,Vilma,vhallawaysb0@yellowpages.com,Ramsey,40 Summerview Way
398,Clem,cbellyb1@g.co,Jay,83357 Bunting Point
399,Lilly,lshortenb2@nsw.gov.au,Ridge Oak,66562 Pleasure Trail
400,Nolly,nvaughtonb3@themeforest.net,Packers,563 Southridge Crossing
401,Leena,lkeyb4@sciencedaily.com,Coolidge,0 Northfield Plaza
402,Andreas,ascoginb5@sciencedirect.com,Harper,41720 Granby Circle
403,Reynard,rsollyb6@microsoft.com,Waubesa,1408 Farragut Alley
404,Wandis,wcarisb7@goodreads.com,Jackson,04301 Welch Circle
405,Rosalind,ryukhovb8@ifeng.com,Elgar,3 Miller Parkway
406,Valenka,vbeaumentb9@independent.co.uk,Anthes,0 Oak Hill
407,Nissy,ncawba@ning.com,Fisk,7752 Gale Drive
408,Glenden,ghauxwellbb@github.io,Blackbird,1 Larry Crossing
409,Roarke,rlumsdonbc@go.com,Fulton,7 Fuller Avenue
410,Lenka,lhazellbd@wisc.edu,Schiller,2968 Kennedy Hill
411,Abie,aweldonbe@cam.ac.uk,Declaration,3 Union Place
412,Seline,sboshellbf@meetup.com,Vera,62 Hagan Terrace
413,Harland,hzelnerbg@yandex.ru,Killdeer,570 Macpherson Drive
414,Electra,echansonnaubh@shareasale.com,Buena Vista,60 Towne Trail
415,Maddy,mkemerybi@time.com,Forest,6 Grayhawk Junction
416,Lorry,ltroughtonbj@themeforest.net,Barby,84129 Farragut Circle
417,Olivette,obartlesbk@kickstarter.com,Bayside,202 Shoshone Hill
418,Harlen,hgallihawkbl@cnet.com,Veith,2 Montana Street
419,Filmer,fmaloneybm@ucoz.com,Anhalt,53 Hooker Alley
420,Clotilda,ckellawaybn@wikimedia.org,Starling,39149 Pankratz Parkway
421,Viki,vwarbrickbo@webmd.com,Veith,95787 Heffernan Lane
422,Hermine,hgapperbp@hc360.com,Pawling,6984 Russell Hill
423,Tracy,tchoudhurybq@360.cn,Ryan,58 Dakota Crossing
424,Desmund,dsummertonbr@mit.edu,Hollow Ridge,4 Declaration Parkway
425,Gabbie,gzannibs@bbb.org,Nancy,495 Farwell Terrace
426,Eada,emeanwellbt@delicious.com,Fairview,07047 Barnett Avenue
427,Sheffield,sdeeginbu@yale.edu,Glacier Hill,45 Bashford Hill
428,Massimo,mpetkensbv@sfgate.com,Graedel,5 Trailsway Place
429,Eal,esabattierbw@cbsnews.com,Loeprich,42 Florence Park
430,Johnette,jdiemerbx@nbcnews.com,Summit,48 Esch Circle
431,Elisha,ereynoldsby@feedburner.com,Schlimgen,2 Shoshone Park
432,Jess,jrainvillebz@umn.edu,Schiller,27 Hovde Center
433,Ardisj,aedmundc0@mapy.cz,Glendale,68009 Crowley Hill
434,Frayda,fspataroc1@indiatimes.com,Clyde Gallagher,69783 Arizona Terrace
435,Bengt,bmeridac2@rakuten.co.jp,Reindahl,7328 Walton Parkway
436,Dorthea,dcastellanc3@ihg.com,Lien,71544 Artisan Crossing
437,Kitti,kairyc4@github.com,Holy Cross,179 Sunnyside Junction
438,Lilas,llowesc5@biglobe.ne.jp,Service,6 Hermina Crossing
439,Noellyn,nvegasc6@sina.com.cn,Delaware,01 Sauthoff Court
440,Alfy,ajendrysc7@census.gov,Melrose,4908 Rowland Point
441,Meyer,mmarneyc8@yale.edu,Chinook,0 North Point
442,Sande,ssaintepaulc9@hc360.com,Grim,2 Shopko Road
443,Selma,smushrowca@people.com.cn,Del Mar,967 Kings Road
444,Malchy,mhappercb@purevolume.com,Mayfield,25168 Schurz Terrace
445,Julie,jtimckecc@chronoengine.com,Lakeland,6843 Ridgeview Parkway
446,Mack,mkippincd@ycombinator.com,Loeprich,6496 Eagle Crest Crossing
447,Alano,abedoce@xrea.com,Ridgeway,12 Bluejay Alley
448,Christa,csavinscf@mayoclinic.com,Oakridge,771 Kensington Street
449,Oneida,oakamcg@prlog.org,Coleman,2 Roxbury Crossing
450,Travers,tgibbettsch@npr.org,Pennsylvania,6 American Ash Avenue
451,Jake,julyatci@columbia.edu,Bunting,8 Brown Trail
452,Judd,jmanzellcj@wikimedia.org,Anniversary,50573 Warner Parkway
453,Wilone,wrosinack@dedecms.com,Hermina,26 Comanche Crossing
454,Duffie,dbridgecl@topsy.com,Delaware,36 Lotheville Way
455,Curry,cphifercm@bandcamp.com,Shelley,0808 Canary Alley
456,Ximenez,xchaineycn@weibo.com,Elgar,91278 Karstens Alley
457,Harman,hdwaneco@php.net,Bunker Hill,096 Service Place
458,Evey,ekerfutcp@people.com.cn,Cordelia,9 Parkside Center
459,Alec,amacmeanmacq@mlb.com,Independence,8 Dapin Drive
460,Jobi,jswindlescr@pagesperso-orange.fr,Graceland,4202 New Castle Court
461,Lonnard,lmccolleycs@youtube.com,Grasskamp,6 7th Place
462,Vinson,vkarczinskict@mayoclinic.com,Surrey,51334 Scoville Point
463,Carmel,cmcgurncu@instagram.com,Lien,49285 Redwing Way
464,Karola,ktathercv@meetup.com,Sunfield,21952 3rd Hill
465,Leeann,lwalickicw@state.tx.us,Eastwood,7 Londonderry Alley
466,Lela,lcornercx@twitpic.com,Sachs,78023 Hoard Center
467,Hillier,hkornalikcy@skyrock.com,Glacier Hill,6 Rigney Avenue
468,Barbie,bmachargcz@163.com,Westridge,0 Granby Park
469,Aldon,anottond0@qq.com,Carberry,523 Messerschmidt Lane
470,Rad,rjaycockd1@dedecms.com,Hanson,382 Pankratz Road
471,Nefen,ngramerd2@washingtonpost.com,Lakeland,590 Grover Plaza
472,Hynda,hdovestond3@moonfruit.com,Evergreen,3475 Continental Parkway
473,Rutherford,rhenricssond4@prlog.org,Susan,2115 Esch Alley
474,Merilyn,mkillfordd5@wufoo.com,Hollow Ridge,00791 Carey Terrace
475,Iosep,idunbobbind6@nbcnews.com,Ohio,940 Alpine Park
476,Martin,mmaccawleyd7@usgs.gov,New Castle,32873 Lyons Parkway
477,Pammie,pyushkind8@naver.com,Anthes,802 Park Meadow Center
478,Mina,mheislerd9@webeden.co.uk,Transport,7966 Parkside Point
479,Barton,bheindrickda@cnbc.com,Reindahl,95265 Farragut Terrace
480,Bebe,bshuttlewooddb@bravesites.com,Village,0135 Evergreen Circle
481,Teresina,tellsomdc@slashdot.org,Reinke,655 Spaight Hill
482,Coleman,cinsolldd@narod.ru,Moland,55 Ridge Oak Road
483,Dougie,dlawdhamde@blogtalkradio.com,West,78210 Loftsgordon Road
484,Emmeline,echappeldf@pbs.org,Tennessee,9 Ruskin Street
485,Chen,ctreacherdg@phoca.cz,Bonner,101 Loeprich Pass
486,Gayler,gjablonskidh@cdbaby.com,Mallard,947 Summit Hill
487,Julissa,jdomotordi@sbwire.com,Artisan,4266 Glendale Circle
488,Claudius,cjansondj@ning.com,Sauthoff,225 Orin Way
489,Ericka,ecudbertsondk@lycos.com,Rieder,6332 Texas Point
490,Caresse,cstivedl@plala.or.jp,6th,13460 Vidon Terrace
491,Crista,ctayedm@theguardian.com,Jenna,6346 Heffernan Hill
492,Kipp,kpenticostdn@senate.gov,Waxwing,121 Anderson Court
493,Celestina,choflerdo@amazon.co.uk,Prairieview,9 Gina Center
494,Guinna,grubinlichtdp@addthis.com,Grim,83 7th Road
495,Grantley,gwhitwhamdq@dagondesign.com,Old Gate,47770 Melby Way
496,Dasha,dhanrettydr@taobao.com,Ryan,938 Dexter Center
497,Sheff,swongds@ow.ly,Goodland,61 Manley Place
498,Vite,vrockwelldt@pagesperso-orange.fr,Bayside,922 Lake View Street
499,Stesha,sovisedu@sciencedaily.com,Comanche,70694 Lien Circle
500,Dorelle,dsargintdv@shinystat.com,Comanche,1904 Holmberg Point
501,Marlyn,mgararddw@bloomberg.com,Kropf,0 Browning Court
502,Antonia,ashrawleydx@state.tx.us,Mifflin,05 Barby Plaza
503,Shelbi,ssavealldy@mozilla.org,West,7 Spenser Road
504,Kara-lynn,kcarluccidz@arizona.edu,Packers,0 Lawn Alley
505,Shae,sgorhame0@fc2.com,Thierer,6 Pankratz Pass
506,Tulley,tburlee1@hc360.com,Briar Crest,8 Northridge Center
507,Davin,dsleighte2@washingtonpost.com,Westend,95 Westridge Terrace
508,Raphael,rfarndalee3@mapquest.com,Shopko,7631 Elgar Court
509,Zelma,zchampaine4@redcross.org,Sullivan,98858 Forest Dale Junction
510,Waldon,whowroyde5@china.com.cn,Lillian,200 Harbort Junction
511,Skipp,sguidie6@spiegel.de,Holmberg,9205 Weeping Birch Circle
512,Erinna,ebegginie7@ameblo.jp,Manitowish,7747 Mallard Center
513,Ida,itrewhellae8@cnbc.com,Nobel,7821 Northridge Terrace
514,Leanora,lsmilliee9@is.gd,Lakewood Gardens,1642 Dahle Trail
515,Ilyssa,imacalorenea@usa.gov,Brentwood,7 Vernon Street
516,Nananne,nnewdickeb@sohu.com,1st,524 Cherokee Plaza
517,Rhetta,ryockleyec@amazon.co.uk,Westridge,944 Talmadge Parkway
518,Harmonia,hspottswooded@amazon.de,Fisk,8323 Schiller Circle
519,Celestia,cwalklingee@jiathis.com,Brentwood,855 Stephen Crossing
520,Kellyann,ktuckwellef@google.pl,Troy,2 Nobel Park
521,Wayland,walpineg@oakley.com,Sommers,3 Eagan Place
522,Dillon,dgosneyeeh@rambler.ru,Bowman,6736 Southridge Junction
523,El,ebussensei@ifeng.com,Lyons,5562 Brown Way
524,Armstrong,avoiseyej@i2i.jp,Clyde Gallagher,18 Vera Lane
525,Gael,gbraveek@samsung.com,Clove,217 Moland Way
526,Bee,brametel@ebay.co.uk,Memorial,42 Fuller Alley
527,Saraann,sglastonburyem@seattletimes.com,Browning,8163 Columbus Junction
528,Ariel,aboughtwooden@archive.org,Waxwing,374 Saint Paul Parkway
529,Sadella,streadwayeo@ebay.co.uk,Schiller,2403 Oak Valley Center
530,Allyn,amarjoramep@go.com,Monterey,87 Oak Place
531,Jonah,jwoollastoneq@dyndns.org,4th,08 Badeau Lane
532,Raymond,rhauger@spotify.com,Quincy,17 Grover Alley
533,Hewie,hfarneyes@blog.com,Lakewood,14 Messerschmidt Court
534,Aimil,awallaceet@cloudflare.com,Lotheville,134 Bonner Hill
535,Cory,cgirardeteu@webeden.co.uk,Blaine,9 6th Place
536,Sylvia,shutchingesev@yellowbook.com,Hermina,7 Truax Park
537,Tabbi,tshowalterew@army.mil,Butterfield,902 Dayton Place
538,Aveline,amowerex@howstuffworks.com,Spaight,9 Forest Parkway
539,Gregorius,gsrawleyey@mayoclinic.com,Butternut,3959 Crowley Parkway
540,Randal,rclaraeez@blog.com,Fremont,75 Petterle Parkway
541,Galen,gwalcotf0@bloglines.com,Nova,15 Schurz Plaza
542,Vikky,vkeastf1@addthis.com,Luster,75 Holmberg Place
543,Adrianne,apenburtonf2@ovh.net,Golf,76345 Erie Trail
544,Dominick,dlaysonf3@imageshack.us,Grayhawk,28 Lotheville Circle
545,Loella,lwitcombef4@bbb.org,Dawn,26489 Russell Trail
546,Sasha,scaurahf5@twitpic.com,Porter,081 Katie Circle
547,Stirling,sswinerdf6@stumbleupon.com,Norway Maple,1088 Oxford Lane
548,Annissa,abarrimf7@lulu.com,Caliangt,67716 Sunfield Way
549,Aleece,ahankinsonf8@google.cn,Barby,59 Quincy Alley
550,Anselm,adeddumf9@chicagotribune.com,Shopko,46 Sunnyside Park
551,Dorris,dockendenfa@scribd.com,Logan,67553 Towne Place
552,Carmen,cgriffeyfb@xing.com,Johnson,4336 Macpherson Hill
553,Brew,bfalconbridgefc@php.net,Clemons,1022 Larry Hill
554,Delila,ddronfd@plala.or.jp,Norway Maple,9 Loftsgordon Plaza
555,Fredi,fcloonanfe@yale.edu,Mesta,2 Bultman Place
556,Anastasia,aelcomff@nytimes.com,Truax,27 Carberry Hill
557,Cyb,ccastanfg@wordpress.com,Westerfield,89446 Buena Vista Point
558,Gratia,gjanjicfh@jimdo.com,High Crossing,40 Carey Crossing
559,Ashley,amacalasterfi@drupal.org,Carberry,650 West Road
560,Traci,thansonfj@foxnews.com,Anzinger,3101 Troy Plaza
561,Kylen,kbaldersonfk@disqus.com,Arkansas,77616 Forest Dale Park
562,Faustina,fbigglestonefl@1688.com,Elka,5080 Swallow Court
563,Clarissa,cduigedfm@printfriendly.com,Maple Wood,249 Portage Avenue
564,Tedda,tdassindalefn@loc.gov,Messerschmidt,3 Saint Paul Drive
565,Vania,vlebanfo@illinois.edu,Toban,1049 Park Meadow Park
566,Chariot,cgionettittifp@altervista.org,Straubel,8 Goodland Point
567,Cristionna,ckirckmanfq@t-online.de,David,36 Bashford Place
568,Page,pkingtonfr@mac.com,Lake View,2016 Tennessee Hill
569,Mirella,mconnorsfs@jalbum.net,Atwood,4955 Dixon Center
570,Juieta,jfriesft@hugedomains.com,Express,33 Pennsylvania Street
571,Pryce,pgleesonfu@mac.com,Orin,6 Burrows Pass
572,Rudolph,rliefv@parallels.com,Thackeray,326 Raven Point
573,Chloe,cbillsberryfw@cam.ac.uk,Glendale,3561 Fordem Way
574,Eberhard,eroffeyfx@disqus.com,Browning,63 Anderson Street
575,Carey,cspickettfy@naver.com,Amoth,6385 Commercial Place
576,Myer,mtuffieldfz@arizona.edu,Warrior,608 Daystar Drive
577,Lexi,lheardg0@kickstarter.com,Northland,5708 Carberry Pass
578,Theda,tthomasong1@ibm.com,Debs,04378 Sommers Drive
579,Paolina,pfoatg2@wikipedia.org,Del Mar,63 Darwin Parkway
580,Jackelyn,jlundong3@google.com.au,Bay,30808 Harbort Park
581,Celisse,cgutteridgeg4@myspace.com,Dexter,269 Elgar Crossing
582,Luce,lrojasg5@squidoo.com,Scofield,6 Leroy Lane
583,Anjela,aguidonig6@auda.org.au,Tennyson,139 Elgar Trail
584,Granger,gvenneurg7@ted.com,Dixon,6 Luster Avenue
585,Cobbie,cphilippsong8@amazon.com,Fuller,37 Grasskamp Street
586,Amber,adixceyg9@walmart.com,Farwell,754 Golf View Park
587,Normand,ndranfieldga@wiley.com,Crownhardt,010 Comanche Alley
588,Horten,hrambadtgb@mozilla.com,Macpherson,9552 Haas Center
589,Bobinette,blippattgc@wiley.com,Holy Cross,121 Burning Wood Avenue
590,Dolf,djocicgd@over-blog.com,Vernon,3738 Dixon Road
591,Lawton,lprattyge@1688.com,Portage,1 Memorial Avenue
592,Cari,cyurocjkingf@naver.com,Forest Dale,8 South Way
593,Sallyanne,sgrombridgegg@issuu.com,Bowman,004 Truax Drive
594,Sherry,scarlettigh@paginegialle.it,Southridge,95 Armistice Avenue
595,Felicdad,fsteptowegi@abc.net.au,Summer Ridge,352 Myrtle Center
596,Evangelina,eboldeckegj@wikipedia.org,Garrison,6 Carioca Street
597,Link,ltalletgk@msu.edu,Laurel,1526 Anhalt Alley
598,Burtie,bfurssegl@amazon.co.jp,Dayton,02864 Holy Cross Street
599,Urban,uliepmanngm@amazon.com,Armistice,939 Red Cloud Alley
600,Angele,acarlensgn@cargocollective.com,Butterfield,598 Fieldstone Street
601,Cliff,crentenbeckgo@nsw.gov.au,Schurz,7974 Blaine Way
602,Amabel,agudgingp@360.cn,Kensington,257 Reinke Crossing
603,Ivie,idenisckegq@vkontakte.ru,Gulseth,47 Blackbird Plaza
604,Barbabra,bdrysdallgr@com.com,Porter,7252 Crescent Oaks Way
605,Evanne,eetteridgegs@wisc.edu,Sugar,62 Coleman Avenue
606,Allis,abaudegt@vinaora.com,Northwestern,38583 Pankratz Terrace
607,Shanon,sgudemangu@php.net,Boyd,259 Towne Court
608,Joellyn,jmackiesongv@paginegialle.it,8th,5348 Corscot Center
609,Quinn,qmariengw@theglobeandmail.com,Porter,34276 Saint Paul Crossing
610,Jacintha,jotterygx@alexa.com,Eastlawn,83354 Clove Junction
611,Ban,bmaccroarygy@netscape.com,Graceland,2586 Crowley Parkway
612,Beniamino,bjosowitzgz@dmoz.org,Oak,9189 North Avenue
613,Diahann,dnelthroph0@cbslocal.com,Independence,23 Hagan Circle
614,Warden,wduffith1@google.de,Harper,8157 Amoth Park
615,Brodie,bhumerstoneh2@japanpost.jp,Lighthouse Bay,399 Stephen Way
616,Lannie,lpulteneyeh3@i2i.jp,Debra,72 Butternut Park
617,Javier,jdavioh4@nbcnews.com,Longview,4396 Bultman Parkway
618,Dickie,dstockyh5@epa.gov,Bowman,3 Rigney Road
619,Theodoric,tfiggeh6@sphinn.com,Bartillon,45 Burning Wood Drive
620,Julietta,jsealyh7@buzzfeed.com,Elka,130 Jay Place
621,Salvador,sjellemanh8@tmall.com,Lyons,627 Sheridan Center
622,La verne,lgettensh9@salon.com,Rusk,94 Pearson Junction
623,Harlan,hbearfootha@alibaba.com,Little Fleur,4 Aberg Avenue
624,Adina,abashfordhb@miibeian.gov.cn,Fisk,9632 Oneill Trail
625,Blane,bmackilroehc@yale.edu,Manufacturers,1 Sugar Point
626,Salim,smcdirmidhd@cbsnews.com,Northport,54706 Messerschmidt Court
627,Colene,clowdyanehe@ucoz.ru,3rd,081 Fair Oaks Place
628,Mahala,mhapperhf@ucla.edu,Vermont,29 Fordem Plaza
629,Mariya,mpregalhg@desdev.cn,Westport,152 Hermina Point
630,Anestassia,acoattshh@oracle.com,Valley Edge,8411 Kipling Park
631,Casar,cberkowitzhi@howstuffworks.com,Chinook,43 Lerdahl Junction
632,Idalina,iwitheringtonhj@nyu.edu,Stone Corner,174 Sutherland Drive
633,Betteann,bthayrehk@blogspot.com,Autumn Leaf,5 Meadow Vale Park
634,Gilbertina,golehanehl@ca.gov,Oakridge,48888 Hoepker Avenue
635,Dory,ddohm@prweb.com,Granby,59 Manley Parkway
636,Lezlie,lschallhn@reference.com,Redwing,890 Lakeland Drive
637,Barron,bharlowho@china.com.cn,Trailsway,369 Blackbird Lane
638,Kinsley,kletchfordhp@webs.com,Haas,15 Hanson Street
639,Galen,gstirmanhq@scribd.com,Del Sol,110 Clarendon Parkway
640,Trixie,turlichhr@geocities.com,Heath,701 Esker Junction
641,Waylan,wconwellhs@domainmarket.com,Grayhawk,5 Marcy Street
642,Mord,mtraiteht@cpanel.net,Waubesa,6 Waxwing Park
643,Denna,dnaughtonhu@rambler.ru,Rutledge,48 Miller Way
644,Eugenio,ejzakhv@exblog.jp,Westport,8270 Schurz Road
645,Heida,hbraxayhw@printfriendly.com,Coolidge,0452 Nelson Hill
646,Shani,sbrokhx@answers.com,Bunting,0379 Merchant Avenue
647,Ardra,astiddardhy@t-online.de,Hoffman,186 Oxford Alley
648,Janette,jgergelyhz@zimbio.com,Becker,172 Columbus Point
649,Mattie,meldridgei0@sogou.com,Rowland,7449 Tony Avenue
650,Arleen,acutleri1@cyberchimps.com,Ridgeview,34 Mcguire Hill
651,Nichole,nhardwayi2@google.co.uk,Dakota,862 Hoard Crossing
652,Yvon,yklosai3@senate.gov,Barby,88 Spaight Trail
653,Justine,jlerwayi4@usnews.com,Kim,2 Barnett Junction
654,Ignazio,imanghami5@imageshack.us,Russell,3 Commercial Trail
655,Janice,jivanyushkini6@soundcloud.com,Gateway,51 Scott Point
656,Gerhardine,gfreelandi7@cmu.edu,Fulton,1 Delaware Circle
657,Gretal,grockwelli8@quantcast.com,Pankratz,73 Hoffman Road
658,Ray,rdohmanni9@mozilla.com,Mcguire,82 Parkside Terrace
659,Clemente,cjanuia@slate.com,Tomscot,77 Pepper Wood Avenue
660,Garner,gcolbranib@freewebs.com,Dexter,89658 Memorial Terrace
661,Alejandro,adelacosteic@joomla.org,Wayridge,7051 3rd Court
662,Bordy,blivingstoneid@abc.net.au,Sloan,9 Burrows Parkway
663,Maria,msiemandlie@google.nl,Fairview,7310 Esch Place
664,Morse,mtoothif@bloglovin.com,Monica,19589 Bunting Plaza
665,Jamaal,jchecchetelliig@flickr.com,Sundown,14507 Oak Valley Road
666,Philippe,pfoulisih@hao123.com,Almo,026 John Wall Terrace
667,Trever,tszubertii@umn.edu,Canary,98 Stephen Circle
668,Minny,mpedroccoij@yandex.ru,Blaine,31861 West Parkway
669,Ulrika,udrayik@whitehouse.gov,Manufacturers,85567 Bartelt Trail
670,Berni,btomadoniil@ted.com,Lakewood,7417 Redwing Court
671,Jacquelynn,jdominettiim@cdc.gov,Kenwood,0425 Packers Lane
672,Read,rmccloryin@tripadvisor.com,Sunbrook,479 Oak Valley Circle
673,Corliss,cpriddenio@google.com.hk,Hoard,32168 Lillian Plaza
674,Chic,cfernezip@yale.edu,Scofield,824 Hayes Pass
675,De,dsegrottiq@blogger.com,Ilene,313 Spaight Road
676,Leela,lbreytir@reference.com,Fordem,9737 Killdeer Point
677,Archibald,apirkisis@cdbaby.com,Northfield,83323 Fallview Drive
678,Ibby,idorricottit@cloudflare.com,Fairfield,263 Spenser Alley
679,Godfry,gabramoviciiu@businessinsider.com,Old Shore,640 Warbler Crossing
680,Meir,mragotiv@tamu.edu,Linden,0 Stoughton Hill
681,Randy,rwottoniw@ca.gov,Chive,227 South Drive
682,Tarrance,tcleetonix@go.com,Ridge Oak,23 Northport Parkway
683,Wally,wdemaineiy@nytimes.com,Gale,2 Monument Trail
684,Andrea,amcparlandiz@gnu.org,Delaware,92 Hoepker Lane
685,Rickert,rjosifovitzj0@state.tx.us,Hintze,15 Ronald Regan Place
686,Teri,tgodwynj1@prweb.com,Oneill,3805 Hollow Ridge Point
687,Marlo,mebbettj2@hp.com,Hudson,52 Shelley Center
688,Chandler,cstrongj3@unesco.org,Lerdahl,8 Sunnyside Circle
689,Wallie,wiversonj4@statcounter.com,Moulton,6425 Shopko Road
690,Kore,kallikerj5@bizjournals.com,Tennyson,2 Russell Alley
691,Gerty,gdeyj6@si.edu,Ramsey,4012 Rigney Plaza
692,Galvan,gkrinksj7@dedecms.com,Clarendon,136 Delaware Trail
693,Vinny,vklimushevj8@google.de,Meadow Ridge,18513 Ruskin Trail
694,Mikol,mmingottij9@blinklist.com,Dahle,75140 Monument Lane
695,Elyse,erheaumeja@sbwire.com,Utah,4011 Towne Drive
696,Jessee,jdecullipjb@printfriendly.com,Warrior,397 Waywood Avenue
697,Nil,nansterjc@nbcnews.com,Spenser,1 Mallard Road
698,Alwyn,abartleyjd@ifeng.com,Butternut,046 Springs Hill
699,Lucais,lrameje@walmart.com,Bowman,2 Coolidge Hill
700,Sinclare,sorcasjf@dagondesign.com,Mosinee,33 Talmadge Crossing
701,Ross,racoryjg@seesaa.net,Carioca,055 Green Ridge Road
702,Gwendolyn,gsilverstonjh@joomla.org,Buell,369 School Hill
703,Shelba,sisittji@ocn.ne.jp,1st,9 Riverside Parkway
704,Michele,msandyfirthjj@vimeo.com,Mariners Cove,6 2nd Terrace
705,Dex,dvonhindenburgjk@google.com.hk,Meadow Valley,54 Annamark Lane
706,Neron,nfredianijl@about.com,Troy,977 Straubel Road
707,Sonia,stucknuttjm@tinyurl.com,Drewry,49 Memorial Center
708,Constantia,cantonioujn@google.pl,Huxley,29 Parkside Park
709,Dave,dfrontczakjo@umn.edu,Veith,789 Judy Road
710,Merralee,mjakeljp@tmall.com,Annamark,9 Coolidge Avenue
711,Renae,rmaccaguejq@artisteer.com,Erie,2585 Meadow Ridge Circle
712,Dugald,dmceloryjr@drupal.org,Kinsman,1599 Magdeline Avenue
713,Charlean,cvasicjs@eventbrite.com,Meadow Vale,146 Sutteridge Park
714,Harlene,hmunciejt@multiply.com,Debs,05216 Hanover Avenue
715,Konrad,kbissikerju@addthis.com,Utah,50 Longview Terrace
716,Gwenora,gbroadberejv@trellian.com,Mayer,69 Haas Court
717,Karalee,kbarensjw@ebay.com,1st,2 American Ash Parkway
718,Abbe,acarsejx@exblog.jp,Nancy,693 Marcy Street
719,Tammara,tbeaneyjy@i2i.jp,Scoville,3052 Green Alley
720,Zorah,zkepejz@prlog.org,Hagan,2 Kipling Alley
721,Dallis,ddenhamk0@psu.edu,Hagan,6 Kensington Terrace
722,Myrta,mpoyntonk1@cpanel.net,Helena,43 Logan Junction
723,Holly-anne,hmaclurek2@sun.com,Novick,96443 Sloan Court
724,Dionne,dclemontk3@nba.com,Declaration,0 Harper Lane
725,Fabian,fgossonk4@jalbum.net,West,5899 Johnson Parkway
726,Celestia,cfinnigank5@chicagotribune.com,Monterey,94 Vera Crossing
727,Sterne,scoomerk6@nih.gov,Chive,5 Browning Court
728,Modestia,mneathk7@yahoo.com,Darwin,1872 Elmside Drive
729,Kimberley,kmattosoffk8@marriott.com,Green Ridge,25037 Delladonna Circle
730,Tiff,twynrehamek9@techcrunch.com,Wayridge,19747 Buhler Park
731,Florinda,frivelinka@pen.io,Mcguire,14124 Farwell Street
732,Lyle,lnansomkb@list-manage.com,Northview,70 Forster Place
733,Judas,jandrichukkc@virginia.edu,Lake View,88 Kings Drive
734,Bond,bhobbertkd@nydailynews.com,Northridge,9744 Longview Crossing
735,Kata,kfashamke@miibeian.gov.cn,Nevada,0 Crescent Oaks Point
736,Ethelred,eathridgekf@cargocollective.com,Walton,2 Gateway Crossing
737,Erskine,edeadmankg@un.org,Veith,26 Delladonna Street
738,Carlos,cbrankleykh@goo.gl,Emmet,57 Drewry Parkway
739,Mada,mlivingstonki@booking.com,Schiller,85 South Plaza
740,Patricio,pgluyuskj@berkeley.edu,Golden Leaf,219 North Road
741,Sela,saymeskk@cbc.ca,Caliangt,008 Service Street
742,Merrily,mbrauningerkl@amazon.com,Columbus,7 Mallory Plaza
743,Camila,cbaudaccikm@vkontakte.ru,Cardinal,39 Village Circle
744,Trula,teverexkn@gizmodo.com,Ronald Regan,73833 Burning Wood Center
745,Josiah,jstrippko@nifty.com,Burning Wood,396 Bluestem Road
746,Elisabetta,emillsonkp@ehow.com,Twin Pines,41 Brentwood Crossing
747,Shelba,sivashkovkq@icio.us,Towne,1925 Onsgard Street
748,Doris,dfazankr@fema.gov,Sugar,53 Ridge Oak Lane
749,Tymon,tharnettyks@ow.ly,Stephen,7 Fulton Way
750,Jaquenette,jclementsonkt@geocities.com,Sunbrook,4601 Green Place
751,Kata,ktrimmellku@skype.com,Golden Leaf,9463 Granby Lane
752,Hammad,hwylemankv@google.fr,Doe Crossing,90 Esch Drive
753,Leanora,lgersamkw@google.es,Elgar,0 Cardinal Avenue
754,Thorvald,tfavellekx@goo.gl,Toban,445 Hazelcrest Road
755,Bordy,bkermodeky@bluehost.com,Summer Ridge,4510 Atwood Court
756,Ericka,eellerbeckkz@oracle.com,Mccormick,7311 Beilfuss Junction
757,Maxie,maymericl0@privacy.gov.au,Cascade,82057 Sachtjen Parkway
758,Jehanna,jthorwarthl1@istockphoto.com,Bartillon,48 Bunting Way
759,Sherwynd,schantlerl2@jugem.jp,Hollow Ridge,03 Spohn Alley
760,Phillis,phayesl3@freewebs.com,Warbler,86 Oakridge Drive
761,Kyrstin,kbraggl4@so-net.ne.jp,Rigney,242 Hoffman Alley
762,Noe,nrattenburyl5@ucsd.edu,Cambridge,60261 Ohio Center
763,Martha,mbelcheml6@yale.edu,Maple,80 Erie Road
764,Anna-diane,agerrietl7@furl.net,Barby,3331 Comanche Junction
765,Winifred,wmintol8@paginegialle.it,Hallows,996 Dwight Crossing
766,Esme,eleverettl9@list-manage.com,Logan,10 La Follette Court
767,Fanchette,fessella@theguardian.com,Forest Dale,83 Autumn Leaf Park
768,Stewart,sdechelettelb@bloomberg.com,Dakota,42961 Crescent Oaks Avenue
769,Hannah,hrishmanlc@xrea.com,Lunder,01015 Evergreen Way
770,Megen,mviscovild@slideshare.net,Drewry,41884 Lakewood Point
771,Allis,ajizhakile@chicagotribune.com,Walton,3181 Butternut Pass
772,Lezlie,lbrumfieldlf@t-online.de,Fair Oaks,815 Mendota Circle
773,Brigitte,bscotchbourougelg@reddit.com,Glendale,570 Ridgeview Terrace
774,Liz,llyosiklh@indiatimes.com,Badeau,38322 Chive Circle
775,Tim,twaycotli@rakuten.co.jp,Dawn,0 Sachs Alley
776,Amy,adewsburylj@creativecommons.org,Anthes,6058 Blue Bill Park Court
777,Ellissa,emarcoolynlk@godaddy.com,Blackbird,95 Lyons Circle
778,Samaria,salkinll@google.cn,Pierstorff,2 Sundown Place
779,Lexi,lpeekevoutlm@wiley.com,Red Cloud,63211 Northport Street
780,Inger,imintramln@usgs.gov,Mcbride,19128 Menomonie Junction
781,Letizia,lzacklo@cisco.com,Bayside,5102 Crownhardt Junction
782,Reinold,rchipchaselp@archive.org,Granby,809 Darwin Plaza
783,Serena,swilkissonlq@domainmarket.com,Caliangt,6069 Pond Avenue
784,Stephannie,sdearlelr@360.cn,Tomscot,06240 Summit Plaza
785,Boothe,breadyls@chronoengine.com,Vidon,62071 Calypso Pass
786,Gertrud,gselwynelt@homestead.com,Clarendon,965 Buena Vista Junction
787,Amii,akuschkelu@marriott.com,Marquette,3689 Dunning Plaza
788,Lonny,ltrottonlv@indiatimes.com,Meadow Vale,38601 Thierer Place
789,Minne,mbleacklylw@paypal.com,Vernon,5 Straubel Alley
790,Adele,adelagneslx@dyndns.org,5th,6087 Mcbride Plaza
791,Kristien,kkyrkemanly@nsw.gov.au,Thompson,4 Vernon Circle
792,Marla,mvineslz@joomla.org,Maryland,3519 Hansons Point
793,Maribel,mlandism0@walmart.com,Upham,063 Division Place
794,Babbie,bdossetterm1@uiuc.edu,Comanche,029 Heffernan Hill
795,Jeniece,jkirdschm2@desdev.cn,Bartelt,684 Mendota Drive
796,Mack,mcollerdm3@ameblo.jp,Anhalt,5397 Hintze Court
797,Ritchie,rlyngstedm4@hatena.ne.jp,Scofield,75 Pine View Crossing
798,Lucian,lpeirsonm5@scientificamerican.com,Main,36 Darwin Center
799,Jase,jsneakerm6@ted.com,Bayside,6 Arkansas Alley
800,Nannie,nlemarquandm7@networksolutions.com,Melvin,8 Crowley Way
801,Joscelin,jmincherm8@indiatimes.com,Huxley,074 Homewood Parkway
802,Daile,dhebburnm9@plala.or.jp,Shopko,67 Charing Cross Avenue
803,Maison,mtitteringtonma@stumbleupon.com,Bobwhite,355 Mccormick Court
804,Vanya,vworkesmb@jimdo.com,Drewry,9 Union Terrace
805,Jerri,jarundelmc@sakura.ne.jp,Maryland,5472 5th Way
806,Maribel,mbeebeemd@webmd.com,Lakewood,4488 Hauk Hill
807,Denys,dfortounme@nydailynews.com,Gateway,00785 Hermina Alley
808,Kerby,kmcbreartymf@house.gov,Morning,66 Dexter Alley
809,Lindy,lerrickermg@admin.ch,Bluestem,723 Crownhardt Alley
810,Joela,jhapgoodmh@imgur.com,Independence,119 Tennyson Lane
811,Danika,dellulmi@mtv.com,Sachs,36323 Upham Circle
812,Teresita,tmuriemj@usatoday.com,Hoffman,1 Montana Point
813,Gay,gembersonmk@amazonaws.com,Corscot,423 Bunker Hill Junction
814,Terri,tnewnhamml@sogou.com,Westerfield,01719 Donald Circle
815,Urbain,udalziellmm@apache.org,Dennis,4667 Carberry Street
816,Elspeth,esodorymn@hostgator.com,Fairview,42950 Manley Hill
817,Monica,mtremainmo@spiegel.de,Talmadge,09 Comanche Alley
818,Chance,cmargiottamp@prlog.org,Nevada,96 Moulton Pass
819,Shellie,sscaleramq@gmpg.org,Banding,324 Vidon Crossing
820,Richard,rjoycemr@go.com,Nancy,87 Dovetail Hill
821,Juliet,jklebesms@cmu.edu,Old Shore,6 Gulseth Way
822,Lyda,lkimemt@topsy.com,Florence,2286 Sunnyside Plaza
823,Rahel,rsadrymu@latimes.com,Coolidge,8 Raven Center
824,Warner,wschreursmv@google.cn,Jana,190 4th Park
825,Lenee,lflintmw@amazon.co.jp,Manufacturers,6 Lakewood Gardens Pass
826,Lisabeth,lkimbleymx@xing.com,Mayfield,024 Washington Terrace
827,Raddie,rbointonmy@sakura.ne.jp,Little Fleur,3794 Annamark Drive
828,Jerrie,jselkirkmz@virginia.edu,Tennyson,0 Lakewood Crossing
829,Tiebout,tsabatern0@comsenz.com,Mallard,1 Anhalt Center
830,Dar,dlelievren1@yolasite.com,Dwight,7980 Spaight Hill
831,Hashim,hastberyn2@wiley.com,Manley,843 Scofield Place
832,Letty,lraistrickn3@youtube.com,Superior,180 Arrowood Court
833,Katharina,kboughtflowern4@edublogs.org,Dwight,18 4th Avenue
834,Gianina,gdolphinn5@diigo.com,Scoville,18896 Granby Trail
835,Armin,alowdenn6@wiley.com,Oneill,074 Gale Circle
836,Worthington,wfreestonen7@histats.com,Buena Vista,81 Fallview Street
837,Caitrin,cgraaln8@intel.com,Mockingbird,27132 Donald Court
838,Esdras,egallymoren9@trellian.com,Springview,7298 Old Shore Crossing
839,Avram,awalklettna@gnu.org,Beilfuss,3 Waubesa Crossing
840,Thekla,ttilernb@dyndns.org,Karstens,2 Moose Terrace
841,Vi,vrolleync@cyberchimps.com,Ramsey,71 Old Gate Drive
842,Celia,ctrowbridgend@sitemeter.com,Autumn Leaf,974 High Crossing Center
843,Izabel,igurrne@wikispaces.com,Declaration,5547 Pawling Terrace
844,Mimi,mbladernf@bravesites.com,Buhler,1315 Lindbergh Street
845,Marwin,maxtonneng@creativecommons.org,Reinke,88612 Caliangt Street
846,Lissie,llevisnh@engadget.com,Hayes,98069 High Crossing Hill
847,Bernardo,bschultheissni@fda.gov,Sugar,849 Holy Cross Alley
848,Donn,dmcguigannj@fc2.com,Ruskin,197 Blaine Road
849,Trescha,tfoggnk@mac.com,Oakridge,24403 Marcy Road
850,Manfred,mellsburynl@flavors.me,Eagan,0080 Sloan Way
851,Suellen,scuppleditchnm@github.io,Bay,6504 Oak Street
852,Babb,bkondratenyann@wikia.com,Miller,1 Graceland Parkway
853,Colline,ccradickno@amazon.co.jp,Glacier Hill,37 Onsgard Center
854,Padget,pjerzycowskinp@kickstarter.com,Northport,9997 Heath Trail
855,Delano,dmealhamnq@instagram.com,Hoffman,445 Londonderry Parkway
856,Faun,fschlaghnr@godaddy.com,Northridge,0 Meadow Valley Avenue
857,Sherye,sbewshawns@twitter.com,Fairview,45766 Arrowood Lane
858,Jose,jfulleylovent@plala.or.jp,Merchant,41 Russell Road
859,Carlyle,cstansbienu@hc360.com,Blue Bill Park,396 Macpherson Street
860,Danice,dstruysnv@un.org,Mallory,51839 Basil Park
861,Elisa,eschubartnw@umn.edu,Stone Corner,1 Tennyson Point
862,Fanya,fbachsnx@jalbum.net,Sommers,11520 Steensland Street
863,Sarette,soscandallny@pagesperso-orange.fr,Portage,5098 Merrick Pass
864,Terencio,tmaceveleynz@guardian.co.uk,Glacier Hill,4 Armistice Drive
865,Thorsten,ttargeo0@meetup.com,5th,3633 Mandrake Plaza
866,Humphrey,hmollono1@ftc.gov,Tennessee,07097 Reinke Alley
867,Adan,arojelo2@adobe.com,Pleasure,981 Mitchell Court
868,Sherill,slaugiero3@over-blog.com,Nancy,7 Waxwing Junction
869,Wolf,wroafo4@51.la,Steensland,505 Maple Avenue
870,Betsy,bgaggeno5@barnesandnoble.com,Macpherson,44 Main Crossing
871,Pryce,pgreenacreo6@marketwatch.com,Manitowish,30 Atwood Avenue
872,Alphonso,acrappero7@devhub.com,Towne,0 Menomonie Drive
873,Aldous,adawso8@eepurl.com,Fairfield,4 Thompson Court
874,Kordula,kkennairdo9@canalblog.com,Mallard,9 Sycamore Point
875,Dionysus,dsidebottonoa@bing.com,Goodland,0 Roxbury Pass
876,Lorry,lfishburnob@bing.com,Lawn,36058 Vahlen Place
877,Gerick,gjuddoc@amazonaws.com,Hanson,1613 Fulton Drive
878,Meryl,mbirrellod@cafepress.com,Raven,9 Haas Drive
879,Shell,sburkinshawoe@apple.com,Fremont,680 Lunder Way
880,Adelind,acrocroftof@pagesperso-orange.fr,Gale,49 Homewood Lane
881,Reginald,rcoilog@ezinearticles.com,Roxbury,9585 Schmedeman Plaza
882,Merissa,mstartinoh@last.fm,Mitchell,50050 Corben Pass
883,Camel,csummerlyoi@nytimes.com,Blaine,26 Luster Center
884,Coletta,cyakovlivoj@apple.com,Hollow Ridge,8129 Almo Circle
885,Skippy,sbaudonok@skype.com,Brentwood,90285 Elmside Trail
886,Germana,gveldeol@disqus.com,Oneill,21 Warrior Way
887,Cirstoforo,cdeatheom@sfgate.com,Derek,9420 Cambridge Parkway
888,Yulma,ybearmanon@tripadvisor.com,Pine View,056 Pleasure Way
889,Ariana,acrackeroo@prlog.org,Victoria,6 Brown Road
890,Derrik,dtorelop@newyorker.com,Del Sol,731 Darwin Junction
891,Bealle,bhaglandoq@disqus.com,Lighthouse Bay,703 Aberg Junction
892,Frederica,fmatushevitzor@noaa.gov,Blackbird,163 Mayer Way
893,Eliot,egogertyos@army.mil,Vidon,8 Talisman Point
894,Lily,lwilshawot@miibeian.gov.cn,South,0991 Fremont Circle
895,Chelsie,cbellordou@artisteer.com,4th,5830 Division Street
896,Chelsie,cporkerov@plala.or.jp,Graedel,36142 Hansons Center
897,Laurens,lmckelvieow@twitter.com,Harper,333 Raven Drive
898,Brittni,bscarlinox@cmu.edu,Chive,02252 Hanson Terrace
899,Hephzibah,hbenardeauoy@cocolog-nifty.com,Morningstar,8 Waubesa Circle
900,Berta,bpickhaveroz@prweb.com,Beilfuss,77 Warrior Circle
901,Pooh,pvallerp0@lycos.com,Badeau,00920 Manufacturers Crossing
902,Wilfred,wmenegop1@discovery.com,Packers,3 Oak Valley Court
903,Sissy,sducaenp2@comcast.net,Melrose,3 Farwell Crossing
904,Heda,hryalp3@ed.gov,Northport,97790 Golf Course Street
905,Rodie,rsavoryp4@qq.com,Clove,71551 Forster Drive
906,Baryram,blembrickp5@nps.gov,Hintze,29 Summit Pass
907,Stuart,skenawayp6@senate.gov,Delaware,474 Arizona Road
908,Hyacinthia,hreddyhoffp7@nytimes.com,Pepper Wood,56 Tennessee Hill
909,Georas,gfynanp8@a8.net,Jay,6 Kingsford Junction
910,Emory,edietschep9@fotki.com,Carey,52450 Prentice Pass
911,Warren,wracinepa@github.com,Marquette,0 Mccormick Road
912,Kitty,kditchettpb@tiny.cc,Corscot,6 Jana Street
913,Lindsey,lespadaterpc@nih.gov,Sycamore,8388 Valley Edge Plaza
914,Chas,crisbridgerpd@issuu.com,Carpenter,81 Welch Avenue
915,Mabel,mconeronpe@dell.com,Acker,5 Buhler Court
916,Eva,estellepf@upenn.edu,Arapahoe,994 Helena Street
917,Emmalee,ebandeypg@sohu.com,Namekagon,5 West Center
918,Terrence,tlawleffph@marketwatch.com,Fallview,50451 Muir Pass
919,Con,cwallachpi@live.com,Armistice,89990 Village Green Hill
920,Yulma,ymarcombepj@woothemes.com,Merchant,70398 Wayridge Parkway
921,Nikoletta,nwhipplepk@xing.com,Anhalt,6 Donald Crossing
922,Tatiania,tbrookfieldpl@posterous.com,Northfield,8408 Emmet Lane
923,Felecia,fdibdallpm@digg.com,Nova,84995 Cody Road
924,Thorndike,tbarsonpn@rediff.com,Columbus,1874 Muir Center
925,Lorettalorna,lbuckberrypo@state.tx.us,Merrick,2461 Kensington Center
926,Tildie,tdysertpp@amazonaws.com,Packers,82 Cordelia Lane
927,Alejandrina,abellwoodpq@auda.org.au,Melvin,72181 Jenifer Point
928,Lelia,ldeortegapr@virginia.edu,Washington,28 Golf Junction
929,Euphemia,echealps@biblegateway.com,Hanson,3 Farragut Way
930,Bertina,bkenworthpt@drupal.org,Buell,4021 Troy Court
931,Trenna,tmundaypu@hibu.com,Park Meadow,325 Pleasure Circle
932,Hartley,hanfreypv@goodreads.com,Goodland,2 Barby Crossing
933,Perla,pmichellpw@4shared.com,Ilene,98 Corry Parkway
934,Deeyn,dsighartpx@virginia.edu,Bartillon,4790 Bluejay Plaza
935,Dynah,drandlespy@storify.com,Declaration,0 Annamark Drive
936,Becky,bparadycepz@cdc.gov,Florence,56 Bluejay Plaza
937,Lurette,lyarrantonq0@ameblo.jp,East,816 Westend Park
938,Rhys,rhankinsq1@over-blog.com,Daystar,48 Gale Alley
939,Berk,bmaccoughanq2@sciencedaily.com,Loomis,450 Sommers Lane
940,Glyn,gruseq3@nationalgeographic.com,Mcguire,8 Mockingbird Drive
941,Mary,mpirelliq4@amazon.com,Annamark,6702 Novick Circle
942,Christi,crutterq5@unc.edu,Cambridge,77 Crowley Alley
943,Batholomew,bbalderyq6@lycos.com,Amoth,484 Everett Parkway
944,Webb,wlennardq7@foxnews.com,Manley,678 Jana Trail
945,Emmi,eleyq8@epa.gov,Katie,6 Lerdahl Circle
946,Cecelia,cferresq9@msn.com,Jackson,2807 Garrison Court
947,Somerset,sstendellqa@nymag.com,Waxwing,4051 West Trail
948,Arlena,acouthardqb@google.fr,Killdeer,0 Utah Terrace
949,Cathrine,ciresonqc@ocn.ne.jp,Corben,0904 Harper Alley
950,Aloise,astickensqd@google.pl,Lunder,77984 Westerfield Drive
951,Porter,ptruelockqe@phpbb.com,Duke,071 Memorial Road
952,Denise,dlambartqf@w3.org,North,69360 Carey Plaza
953,Jorrie,jarkilqg@lulu.com,Luster,1143 Merry Trail
954,Seth,swilfingqh@domainmarket.com,Debra,9410 Anniversary Place
955,Jefferson,jscayqi@flavors.me,Arizona,155 Division Alley
956,Nerta,nkemwallqj@angelfire.com,Fordem,42119 Merrick Place
957,Kendricks,kgarvieqk@newyorker.com,Corscot,7913 Bellgrove Point
958,Rachel,rbuttwellql@tmall.com,Anderson,8 Kensington Park
959,Leelah,lbrienqm@drupal.org,Tomscot,9650 Laurel Crossing
960,Batholomew,bpalayqn@seesaa.net,Hallows,5381 Artisan Parkway
961,Renato,rmclauchlinqo@purevolume.com,Northport,46830 School Junction
962,Jessa,jshermoreqp@ed.gov,Clove,36372 Briar Crest Drive
963,Erna,ebetoniaqq@godaddy.com,Thierer,945 Dapin Hill
964,Patrizius,ptetlowqr@yahoo.com,Jana,2952 Vidon Hill
965,Yetty,ygrigorievqs@bandcamp.com,Lawn,27970 Ridgeview Terrace
966,Celene,cblagburnqt@archive.org,Cherokee,72533 Cascade Plaza
967,Leonelle,lbriantqu@cisco.com,Mockingbird,160 Dayton Lane
968,Kort,kosseltonqv@globo.com,Oneill,77817 Gateway Center
969,Natka,nkohrdingqw@digg.com,Claremont,1194 Old Gate Avenue
970,Brianna,bgooddingqx@nature.com,Division,2432 Memorial Park
971,Way,wniessenqy@mozilla.org,Bartillon,10737 Nancy Way
972,Korry,ksmurfittqz@privacy.gov.au,Randy,40 Vidon Street
973,Estel,ecrayker0@mediafire.com,Garrison,1006 Utah Street
974,Rafaellle,rroylancer1@webeden.co.uk,Roxbury,043 Sauthoff Junction
975,Adina,atourmellr2@bbc.co.uk,Stoughton,58 Del Mar Place
976,Russell,rivantsovr3@moonfruit.com,Dennis,880 Mayfield Center
977,Melamie,mcoleshillr4@biblegateway.com,Pine View,9 Marquette Street
978,Mile,mrobardleyr5@utexas.edu,Little Fleur,18620 Kennedy Way
979,Norri,nfrancesr6@symantec.com,Gale,61688 Independence Drive
980,Maximo,mfeavyourr7@usgs.gov,Talisman,833 Susan Trail
981,Glynis,gjoshamr8@ycombinator.com,Butterfield,86 Prairieview Parkway
982,Tersina,tsparker9@washingtonpost.com,Shelley,8788 Jay Road
983,Douglas,dtilsonra@tuttocitta.it,Warbler,760 Nelson Court
984,Cindra,ccuttlerrb@de.vu,Heffernan,87029 Hazelcrest Place
985,Hermina,hborehamrc@yahoo.com,Butternut,2 Sherman Point
986,Wallie,wchallengerrd@sitemeter.com,Comanche,11 Eggendart Court
987,Sonny,spavisre@cpanel.net,Thompson,95910 Warrior Park
988,Allx,aspilisyrf@dmoz.org,Maryland,60994 Glendale Lane
989,Anastasie,abrowserg@thetimes.co.uk,Pennsylvania,54499 Springs Center
990,Cindelyn,cromerrh@cmu.edu,Pleasure,5743 Maywood Hill
991,Georgy,groebottomri@sbwire.com,Lawn,8515 La Follette Hill
992,Appolonia,aweatherbyrj@mozilla.com,Hovde,2 Almo Hill
993,Henrie,hcarousrk@apache.org,Scofield,76724 Towne Drive
994,Brittany,bcawtherayrl@t.co,Commercial,42 Lien Street
995,Inigo,ipontenrm@baidu.com,Melrose,197 Warrior Hill
996,Zared,zcastlakern@indiatimes.com,Coleman,540 Lotheville Terrace
997,Vonnie,vmabbittro@wp.com,Green Ridge,2202 Dorton Center
998,Rebe,rbartulrp@g.co,Pleasure,9428 Sachs Trail
999,Jefferson,jcristolrq@freewebs.com,Claremont,52 Oneill Pass
1000,Rennie,rwattamrr@ihg.com,Menomonie,45 Burning Wood Circle
